timestamp_iso,frame_idx,timestamp,total,cracked,intact,dirty,other,cracked_ratio,avg_crack_area_ratio,max_crack_area_ratio
2026-08-13T14:38:58,1,0.017,1,0,0,1,0,0.0,0.0,0.0
2026-08-13T14:38:59,2,0.033,1,0,0,1,0,0.0,0.0,0.0
2026-08-13T14:38:59,3,0.05,1,0,0,1,0,0.0,0.0,0.0
2026-08-13T14:38:59,4,0.067,1,0,0,1,0,0.0,0.0,0.0
2026-08-13T14:38:59,5,0.083,1,0,0,1,0,0.0,0.0,0.0
2026-08-13T14:38:59,6,0.1,1,0,0,1,0,0.0,0.0,0.0
2026-08-13T14:39:00,7,0.117,1,0,0,1,0,0.0,0.0,0.0
2026-08-13T14:39:00,8,0.133,1,0,0,1,0,0.0,0.0,0.0
2026-08-13T14:39:00,9,0.15,1,0,0,1,0,0.0,0.0,0.0
2026-08-13T14:39:00,10,0.167,1,0,0,1,0,0.0,0.0,0.0
2026-08-13T14:39:00,11,0.183,1,0,0,1,0,0.0,0.0,0.0
2026-08-13T14:39:01,12,0.2,1,0,0,1,0,0.0,0.0,0.0
2026-08-13T14:39:01,13,0.217,1,0,0,1,0,0.0,0.0,0.0
2026-08-13T14:39:01,14,0.233,1,0,0,1,0,0.0,0.0,0.0
2026-08-13T14:39:01,15,0.25,1,0,0,1,0,0.0,0.0,0.0
2026-08-13T14:39:02,16,0.267,0,0,0,0,0,0.0,0.0,0.0
2026-08-13T14:39:02,17,0.283,1,0,0,1,0,0.0,0.0,0.0
2026-08-13T14:39:02,18,0.3,1,0,0,1,0,0.0,0.0,0.0
2026-08-13T14:39:02,19,0.317,1,0,0,1,0,0.0,0.0,0.0
2026-08-13T14:39:02,20,0.333,1,0,0,1,0,0.0,0.0,0.0
2026-08-13T14:39:03,21,0.35,1,0,0,1,0,0.0,0.0,0.0
2026-08-13T14:39:03,22,0.367,1,0,0,1,0,0.0,0.0,0.0
2026-08-13T14:39:03,23,0.383,1,0,0,1,0,0.0,0.0,0.0
2026-08-13T14:39:03,24,0.4,1,0,0,1,0,0.0,0.0,0.0
2026-08-13T14:39:03,25,0.417,1,0,0,1,0,0.0,0.0,0.0
2026-08-13T14:39:04,26,0.433,1,0,0,1,0,0.0,0.0,0.0
2026-08-13T14:39:04,27,0.45,2,0,0,2,0,0.0,0.0,0.0
2026-08-13T14:39:04,28,0.467,2,0,0,2,0,0.0,0.0,0.0
2026-08-13T14:39:04,29,0.483,2,0,0,2,0,0.0,0.0,0.0
2026-08-13T14:39:04,30,0.5,2,0,0,2,0,0.0,0.0,0.0
2026-08-13T14:39:05,31,0.517,2,0,0,2,0,0.0,0.0,0.0
2026-08-13T14:39:05,32,0.533,2,0,0,2,0,0.0,0.0,0.0
2026-08-13T14:39:05,33,0.55,2,0,0,2,0,0.0,0.0,0.0
2026-08-13T14:39:05,34,0.567,2,0,0,2,0,0.0,0.0,0.0
2026-08-13T14:39:05,35,0.583,2,1,0,1,0,0.5,0.007,0.007
2026-08-13T14:39:06,36,0.6,4,0,0,4,0,0.0,0.0,0.0
2026-08-13T14:39:06,37,0.617,3,2,0,1,0,0.6667,0.0213,0.0401
2026-08-13T14:39:06,38,0.633,2,1,0,1,0,0.5,0.0346,0.0346
2026-08-13T14:39:06,39,0.65,3,2,0,1,0,0.6667,0.0156,0.0248
2026-08-13T14:39:07,40,0.667,3,2,0,1,0,0.6667,0.0146,0.0235
2026-08-13T14:39:07,41,0.683,3,2,0,1,0,0.6667,0.0145,0.0235
2026-08-13T14:39:07,42,0.7,3,0,0,3,0,0.0,0.0,0.0
2026-08-13T14:39:07,43,0.717,4,0,0,4,0,0.0,0.0,0.0
2026-08-13T14:39:07,44,0.733,4,1,0,3,0,0.25,0.0036,0.0036
2026-08-13T14:39:08,45,0.75,3,0,0,3,0,0.0,0.0,0.0
2026-08-13T14:39:08,46,0.767,3,1,0,2,0,0.3333,0.022,0.022
2026-08-13T14:39:08,47,0.783,3,1,0,2,0,0.3333,0.0187,0.0187
2026-08-13T14:39:08,48,0.8,2,1,0,1,0,0.5,0.026,0.026
2026-08-13T14:39:08,49,0.817,4,1,0,3,0,0.25,0.0344,0.0344
2026-08-13T14:39:09,50,0.833,3,1,0,2,0,0.3333,0.0348,0.0348
2026-08-13T14:39:09,51,0.85,3,0,0,3,0,0.0,0.0,0.0
2026-08-13T14:39:09,52,0.867,4,0,0,4,0,0.0,0.0,0.0
2026-08-13T14:39:09,53,0.883,4,0,0,4,0,0.0,0.0,0.0
2026-08-13T14:39:09,54,0.9,3,0,0,3,0,0.0,0.0,0.0
2026-08-13T14:39:10,55,0.917,4,0,0,4,0,0.0,0.0,0.0
2026-08-13T14:39:10,56,0.933,3,0,0,3,0,0.0,0.0,0.0
2026-08-13T14:39:10,57,0.95,3,0,0,3,0,0.0,0.0,0.0
2026-08-13T14:39:10,58,0.967,2,0,0,2,0,0.0,0.0,0.0
2026-08-13T14:39:11,59,0.983,4,0,0,4,0,0.0,0.0,0.0
2026-08-13T14:39:11,60,1.0,2,1,0,1,0,0.5,0.0033,0.0033
2026-08-13T14:39:11,61,1.017,2,1,0,1,0,0.5,0.0031,0.0031
2026-08-13T14:39:11,62,1.033,3,0,0,3,0,0.0,0.0,0.0
2026-08-13T14:39:11,63,1.05,3,1,0,2,0,0.3333,0.0039,0.0039
2026-08-13T14:39:12,64,1.067,3,0,0,3,0,0.0,0.0,0.0
2026-08-13T14:39:12,65,1.083,2,0,0,2,0,0.0,0.0,0.0
2026-08-13T14:39:12,66,1.1,2,0,0,2,0,0.0,0.0,0.0
2026-08-13T14:39:12,67,1.117,2,0,0,2,0,0.0,0.0,0.0
2026-08-13T14:39:12,68,1.133,2,0,0,2,0,0.0,0.0,0.0
2026-08-13T14:39:13,69,1.15,0,0,0,0,0,0.0,0.0,0.0
2026-08-13T14:39:13,70,1.167,3,0,0,3,0,0.0,0.0,0.0
2026-08-13T14:39:13,71,1.183,3,0,0,3,0,0.0,0.0,0.0
2026-08-13T14:39:13,72,1.2,3,0,0,3,0,0.0,0.0,0.0
2026-08-13T14:39:14,73,1.217,3,1,0,2,0,0.3333,0.0319,0.0319
2026-08-13T14:39:14,74,1.233,1,0,0,1,0,0.0,0.0,0.0
2026-08-13T14:39:14,75,1.25,1,0,0,1,0,0.0,0.0,0.0
2026-08-13T14:39:14,76,1.267,1,0,0,1,0,0.0,0.0,0.0
2026-08-13T14:39:14,77,1.283,1,0,0,1,0,0.0,0.0,0.0
2026-08-13T14:39:15,78,1.3,1,1,0,0,0,1.0,0.0033,0.0033
2026-08-13T14:39:15,79,1.317,1,1,0,0,0,1.0,0.0049,0.0049
2026-08-13T14:39:15,80,1.333,1,0,0,1,0,0.0,0.0,0.0
2026-08-13T14:39:15,81,1.35,1,0,0,1,0,0.0,0.0,0.0
2026-08-13T14:39:15,82,1.367,1,0,0,1,0,0.0,0.0,0.0
2026-08-13T14:39:16,83,1.383,1,0,0,1,0,0.0,0.0,0.0
2026-08-13T14:39:16,84,1.4,1,0,0,1,0,0.0,0.0,0.0
2026-08-13T14:39:16,85,1.417,1,0,0,1,0,0.0,0.0,0.0
2026-08-13T14:39:16,86,1.433,1,1,0,0,0,1.0,0.0041,0.0041
2026-08-13T14:39:16,87,1.45,1,0,0,1,0,0.0,0.0,0.0
2026-08-13T14:39:17,88,1.467,1,0,0,1,0,0.0,0.0,0.0
2026-08-13T14:39:17,89,1.483,1,0,0,1,0,0.0,0.0,0.0
2026-08-13T14:39:17,90,1.5,2,1,0,1,0,0.5,0.0103,0.0103
2026-08-13T14:39:17,91,1.517,1,1,0,0,0,1.0,0.0103,0.0103
2026-08-13T14:39:18,92,1.533,1,1,0,0,0,1.0,0.0106,0.0106
2026-08-13T14:39:18,93,1.55,1,0,0,1,0,0.0,0.0,0.0
2026-08-13T14:39:18,94,1.567,1,0,0,1,0,0.0,0.0,0.0
2026-08-13T14:39:18,95,1.583,1,1,0,0,0,1.0,0.0128,0.0128
2026-08-13T14:39:18,96,1.6,3,0,0,3,0,0.0,0.0,0.0
2026-08-13T14:39:19,97,1.617,0,0,0,0,0,0.0,0.0,0.0
2026-08-13T14:39:19,98,1.633,2,1,0,1,0,0.5,0.0068,0.0068
2026-08-13T14:39:19,99,1.65,2,1,0,1,0,0.5,0.0062,0.0062
2026-08-13T14:39:19,100,1.667,2,1,0,1,0,0.5,0.0063,0.0063
2026-08-13T14:39:19,101,1.683,1,0,0,1,0,0.0,0.0,0.0
2026-08-13T14:39:20,102,1.7,1,0,0,1,0,0.0,0.0,0.0
2026-08-13T14:39:20,103,1.717,2,1,0,1,0,0.5,0.0058,0.0058
2026-08-13T14:39:20,104,1.733,2,1,0,1,0,0.5,0.0056,0.0056
2026-08-13T14:39:20,105,1.75,1,0,0,1,0,0.0,0.0,0.0
2026-08-13T14:39:20,106,1.767,1,0,0,1,0,0.0,0.0,0.0
2026-08-13T14:39:21,107,1.783,1,0,0,1,0,0.0,0.0,0.0
2026-08-13T14:39:21,108,1.8,1,0,0,1,0,0.0,0.0,0.0
2026-08-13T14:39:21,109,1.817,2,1,0,1,0,0.5,0.0064,0.0064
2026-08-13T14:39:21,110,1.833,2,0,0,2,0,0.0,0.0,0.0
2026-08-13T14:39:22,111,1.85,2,0,0,2,0,0.0,0.0,0.0
2026-08-13T14:39:22,112,1.867,2,0,0,2,0,0.0,0.0,0.0
2026-08-13T14:39:22,113,1.883,2,0,0,2,0,0.0,0.0,0.0
2026-08-13T14:39:22,114,1.9,3,1,0,2,0,0.3333,0.0068,0.0068
2026-08-13T14:39:22,115,1.917,3,1,0,2,0,0.3333,0.0073,0.0073
2026-08-13T14:39:23,116,1.933,3,1,0,2,0,0.3333,0.006,0.006
2026-08-13T14:39:23,117,1.95,3,1,0,2,0,0.3333,0.0067,0.0067
2026-08-13T14:39:23,118,1.967,3,1,0,2,0,0.3333,0.006,0.006
2026-08-13T14:39:23,119,1.983,4,0,0,4,0,0.0,0.0,0.0
2026-08-13T14:39:23,120,2.0,4,0,0,4,0,0.0,0.0,0.0
2026-08-13T14:39:24,121,2.017,2,0,0,2,0,0.0,0.0,0.0
2026-08-13T14:39:24,122,2.033,2,0,0,2,0,0.0,0.0,0.0
2026-08-13T14:39:24,123,2.05,2,0,0,2,0,0.0,0.0,0.0
2026-08-13T14:39:24,124,2.067,3,0,0,3,0,0.0,0.0,0.0
2026-08-13T14:39:24,125,2.083,2,0,0,2,0,0.0,0.0,0.0
2026-08-13T14:39:25,126,2.1,5,0,0,5,0,0.0,0.0,0.0
2026-08-13T14:39:25,127,2.117,3,0,0,3,0,0.0,0.0,0.0
2026-08-13T14:39:25,128,2.133,2,0,0,2,0,0.0,0.0,0.0
2026-08-13T14:39:25,129,2.15,1,0,0,1,0,0.0,0.0,0.0
2026-08-13T14:39:25,130,2.167,2,0,0,2,0,0.0,0.0,0.0
2026-08-13T14:39:26,131,2.183,3,0,0,3,0,0.0,0.0,0.0
2026-08-13T14:39:26,132,2.2,4,1,0,3,0,0.25,0.0051,0.0051
2026-08-13T14:39:26,133,2.217,3,1,0,2,0,0.3333,0.0045,0.0045
2026-08-13T14:39:26,134,2.233,2,1,0,1,0,0.5,0.0046,0.0046
2026-08-13T14:39:26,135,2.25,2,1,0,1,0,0.5,0.0032,0.0032
2026-08-13T14:39:27,136,2.267,2,0,0,2,0,0.0,0.0,0.0
2026-08-13T14:39:27,137,2.283,2,0,0,2,0,0.0,0.0,0.0
2026-08-13T14:39:27,138,2.3,4,1,0,3,0,0.25,0.0044,0.0044
2026-08-13T14:39:27,139,2.317,1,0,0,1,0,0.0,0.0,0.0
2026-08-13T14:39:27,140,2.333,1,1,0,0,0,1.0,0.012,0.012
2026-08-13T14:39:28,141,2.35,2,2,0,0,0,1.0,0.0087,0.0141
2026-08-13T14:39:28,142,2.367,3,2,0,1,0,0.6667,0.0187,0.0218
2026-08-13T14:39:28,143,2.383,1,1,0,0,0,1.0,0.0162,0.0162
2026-08-13T14:39:28,144,2.4,3,2,0,1,0,0.6667,0.0155,0.0205
2026-08-13T14:39:29,145,2.417,3,2,0,1,0,0.6667,0.0055,0.0089
2026-08-13T14:39:29,146,2.433,3,2,0,1,0,0.6667,0.0058,0.0088
2026-08-13T14:39:29,147,2.45,4,3,0,1,0,0.75,0.0056,0.0088
2026-08-13T14:39:29,148,2.467,3,3,0,0,0,1.0,0.0079,0.0141
2026-08-13T14:39:29,149,2.483,2,2,0,0,0,1.0,0.0114,0.0149
2026-08-13T14:39:30,150,2.5,3,2,0,1,0,0.6667,0.0099,0.0144
2026-08-13T14:39:30,151,2.517,4,2,0,2,0,0.5,0.0138,0.0213
2026-08-13T14:39:30,152,2.533,1,1,0,0,0,1.0,0.0084,0.0084
2026-08-13T14:39:30,153,2.55,3,2,0,1,0,0.6667,0.0161,0.0237
2026-08-13T14:39:31,154,2.567,3,2,0,1,0,0.6667,0.0174,0.0248
2026-08-13T14:39:31,155,2.583,0,0,0,0,0,0.0,0.0,0.0
2026-08-13T14:39:31,156,2.6,2,1,0,1,0,0.5,0.0084,0.0084
2026-08-13T14:39:31,157,2.617,3,2,0,1,0,0.6667,0.009,0.0095
2026-08-13T14:39:31,158,2.633,2,1,0,1,0,0.5,0.0076,0.0076
2026-08-13T14:39:32,159,2.65,3,3,0,0,0,1.0,0.01,0.0152
2026-08-13T14:39:32,160,2.667,3,3,0,0,0,1.0,0.0099,0.0149
2026-08-13T14:39:32,161,2.683,3,3,0,0,0,1.0,0.01,0.0151
2026-08-13T14:39:32,162,2.7,2,2,0,0,0,1.0,0.0115,0.0154
2026-08-13T14:39:32,163,2.717,2,1,0,1,0,0.5,0.0149,0.0149
2026-08-13T14:39:33,164,2.733,3,2,0,1,0,0.6667,0.0115,0.0147
2026-08-13T14:39:33,165,2.75,1,1,0,0,0,1.0,0.0146,0.0146
2026-08-13T14:39:33,166,2.767,2,2,0,0,0,1.0,0.0086,0.014
2026-08-13T14:39:33,167,2.783,1,0,0,1,0,0.0,0.0,0.0
2026-08-13T14:39:33,168,2.8,3,0,0,3,0,0.0,0.0,0.0
2026-08-13T14:39:34,169,2.817,1,0,0,1,0,0.0,0.0,0.0
2026-08-13T14:39:34,170,2.833,2,1,0,1,0,0.5,0.0133,0.0133
2026-08-13T14:39:34,171,2.85,3,1,0,2,0,0.3333,0.0132,0.0132
2026-08-13T14:39:34,172,2.867,1,0,0,1,0,0.0,0.0,0.0
2026-08-13T14:39:34,173,2.883,2,2,0,0,0,1.0,0.0097,0.0145
2026-08-13T14:39:35,174,2.9,2,1,0,1,0,0.5,0.0169,0.0169
2026-08-13T14:39:35,175,2.917,1,1,0,0,0,1.0,0.0139,0.0139
2026-08-13T14:39:35,176,2.933,0,0,0,0,0,0.0,0.0,0.0
2026-08-13T14:39:35,177,2.95,0,0,0,0,0,0.0,0.0,0.0
2026-08-13T14:39:35,178,2.967,1,0,0,1,0,0.0,0.0,0.0
2026-08-13T14:39:36,179,2.983,1,1,0,0,0,1.0,0.014,0.014
2026-08-13T14:39:36,180,3.0,3,1,0,2,0,0.3333,0.0121,0.0121
2026-08-13T14:39:36,181,3.017,5,2,0,3,0,0.4,0.0143,0.0149
2026-08-13T14:39:36,182,3.033,4,2,0,2,0,0.5,0.0155,0.0175
2026-08-13T14:39:36,183,3.05,4,3,0,1,0,0.75,0.0113,0.0169
2026-08-13T14:39:37,184,3.067,6,3,0,3,0,0.5,0.0111,0.0169
2026-08-13T14:39:37,185,3.083,4,2,0,2,0,0.5,0.0177,0.0181
2026-08-13T14:39:37,186,3.1,6,2,0,4,0,0.3333,0.0171,0.018
2026-08-13T14:39:37,187,3.117,6,2,0,4,0,0.3333,0.0172,0.018
2026-08-13T14:39:38,188,3.133,3,2,0,1,0,0.6667,0.018,0.0183
2026-08-13T14:39:38,189,3.15,4,2,0,2,0,0.5,0.0171,0.0179
2026-08-13T14:39:38,190,3.167,4,1,0,3,0,0.25,0.015,0.015
2026-08-13T14:39:38,191,3.183,3,2,0,1,0,0.6667,0.0157,0.0168
2026-08-13T14:39:38,192,3.2,5,3,0,2,0,0.6,0.0126,0.0163
2026-08-13T14:39:39,193,3.217,4,2,0,2,0,0.5,0.0157,0.0178
2026-08-13T14:39:39,194,3.233,3,1,0,2,0,0.3333,0.015,0.015
2026-08-13T14:39:39,195,3.25,4,2,0,2,0,0.5,0.015,0.0155
2026-08-13T14:39:39,196,3.267,3,2,0,1,0,0.6667,0.0144,0.0149
2026-08-13T14:39:39,197,3.283,4,2,0,2,0,0.5,0.0155,0.0157
2026-08-13T14:39:40,198,3.3,4,2,0,2,0,0.5,0.0149,0.0155
2026-08-13T14:39:40,199,3.317,2,2,0,0,0,1.0,0.0145,0.0148
2026-08-13T14:39:40,200,3.333,2,2,0,0,0,1.0,0.0143,0.0147
2026-08-13T14:39:40,201,3.35,2,2,0,0,0,1.0,0.0143,0.0147
2026-08-13T14:39:40,202,3.367,3,2,0,1,0,0.6667,0.0144,0.0151
2026-08-13T14:39:41,203,3.383,4,3,0,1,0,0.75,0.0176,0.0223
2026-08-13T14:39:41,204,3.4,2,2,0,0,0,1.0,0.0152,0.0163
2026-08-13T14:39:41,205,3.417,3,3,0,0,0,1.0,0.0182,0.0254
2026-08-13T14:39:41,206,3.433,4,2,0,2,0,0.5,0.0143,0.0163
2026-08-13T14:39:42,207,3.45,4,2,0,2,0,0.5,0.0143,0.0162
2026-08-13T14:39:42,208,3.467,3,2,0,1,0,0.6667,0.0144,0.0164
2026-08-13T14:39:42,209,3.483,3,2,0,1,0,0.6667,0.0147,0.0171
2026-08-13T14:39:42,210,3.5,3,2,0,1,0,0.6667,0.0144,0.0168
2026-08-13T14:39:42,211,3.517,5,3,0,2,0,0.6,0.0138,0.017
2026-08-13T14:39:43,212,3.533,4,2,0,2,0,0.5,0.0165,0.0183
2026-08-13T14:39:43,213,3.55,4,3,0,1,0,0.75,0.0147,0.0173
2026-08-13T14:39:43,214,3.567,4,3,0,1,0,0.75,0.0146,0.0176
2026-08-13T14:39:43,215,3.583,6,3,0,3,0,0.5,0.0143,0.0168
2026-08-13T14:39:44,216,3.6,5,3,0,2,0,0.6,0.014,0.0174
2026-08-13T14:39:44,217,3.617,7,3,0,4,0,0.4286,0.014,0.0158
2026-08-13T14:39:44,218,3.633,4,2,0,2,0,0.5,0.0153,0.0156
2026-08-13T14:39:44,219,3.65,4,2,0,2,0,0.5,0.0146,0.0147
2026-08-13T14:39:45,220,3.667,3,2,0,1,0,0.6667,0.0144,0.0156
2026-08-13T14:39:45,221,3.683,2,2,0,0,0,1.0,0.015,0.0172
2026-08-13T14:39:45,222,3.7,3,2,0,1,0,0.6667,0.0156,0.0179
2026-08-13T14:39:45,223,3.717,5,2,0,3,0,0.4,0.0149,0.018
2026-08-13T14:39:45,224,3.733,3,2,0,1,0,0.6667,0.0149,0.0176
2026-08-13T14:39:46,225,3.75,2,2,0,0,0,1.0,0.0153,0.0182
2026-08-13T14:39:46,226,3.767,3,2,0,1,0,0.6667,0.0149,0.0177
2026-08-13T14:39:46,227,3.783,3,2,0,1,0,0.6667,0.0148,0.0176
2026-08-13T14:39:46,228,3.8,3,2,0,1,0,0.6667,0.0136,0.0164
2026-08-13T14:39:46,229,3.817,2,1,0,1,0,0.5,0.0159,0.0159
2026-08-13T14:39:47,230,3.833,3,2,0,1,0,0.6667,0.015,0.0167
2026-08-13T14:39:47,231,3.85,2,1,0,1,0,0.5,0.0155,0.0155
2026-08-13T14:39:47,232,3.867,2,1,0,1,0,0.5,0.015,0.015
2026-08-13T14:39:47,233,3.883,3,1,0,2,0,0.3333,0.0153,0.0153
2026-08-13T14:39:48,234,3.9,3,1,0,2,0,0.3333,0.017,0.017
2026-08-13T14:39:48,235,3.917,2,1,0,1,0,0.5,0.017,0.017
2026-08-13T14:39:48,236,3.933,2,1,0,1,0,0.5,0.0168,0.0168
2026-08-13T14:39:48,237,3.95,3,1,0,2,0,0.3333,0.0168,0.0168
2026-08-13T14:39:48,238,3.967,3,1,0,2,0,0.3333,0.0164,0.0164
2026-08-13T14:39:49,239,3.983,2,1,0,1,0,0.5,0.0163,0.0163
2026-08-13T14:39:49,240,4.0,2,1,0,1,0,0.5,0.0164,0.0164
2026-08-13T14:39:49,241,4.017,1,1,0,0,0,1.0,0.0166,0.0166
2026-08-13T14:39:49,242,4.033,4,1,0,3,0,0.25,0.0171,0.0171
2026-08-13T14:39:49,243,4.05,3,1,0,2,0,0.3333,0.0166,0.0166
2026-08-13T14:39:50,244,4.067,4,1,0,3,0,0.25,0.0166,0.0166
2026-08-13T14:39:50,245,4.083,5,1,0,4,0,0.2,0.0169,0.0169
2026-08-13T14:39:50,246,4.1,4,2,0,2,0,0.5,0.0147,0.0168
2026-08-13T14:39:50,247,4.117,4,1,0,3,0,0.25,0.0186,0.0186
2026-08-13T14:39:51,248,4.133,4,1,0,3,0,0.25,0.0182,0.0182
2026-08-13T14:39:51,249,4.15,5,1,0,4,0,0.2,0.0165,0.0165
2026-08-13T14:39:51,250,4.167,6,1,0,5,0,0.1667,0.0177,0.0177
2026-08-13T14:39:51,251,4.183,4,1,0,3,0,0.25,0.0164,0.0164
2026-08-13T14:39:51,252,4.2,3,2,0,1,0,0.6667,0.0117,0.0183
2026-08-13T14:39:52,253,4.217,3,1,0,2,0,0.3333,0.0168,0.0168
2026-08-13T14:39:52,254,4.233,2,1,0,1,0,0.5,0.0168,0.0168
2026-08-13T14:39:52,255,4.25,4,1,0,3,0,0.25,0.018,0.018
2026-08-13T14:39:52,256,4.267,3,1,0,2,0,0.3333,0.0196,0.0196
2026-08-13T14:39:52,257,4.283,3,1,0,2,0,0.3333,0.0183,0.0183
2026-08-13T14:39:53,258,4.3,4,1,0,3,0,0.25,0.0182,0.0182
2026-08-13T14:39:53,259,4.317,2,1,0,1,0,0.5,0.0177,0.0177
2026-08-13T14:39:53,260,4.333,5,1,0,4,0,0.2,0.0181,0.0181
2026-08-13T14:39:53,261,4.35,4,1,0,3,0,0.25,0.0181,0.0181
2026-08-13T14:39:54,262,4.367,2,1,0,1,0,0.5,0.0177,0.0177
2026-08-13T14:39:54,263,4.383,1,1,0,0,0,1.0,0.0161,0.0161
2026-08-13T14:39:54,264,4.4,1,1,0,0,0,1.0,0.0161,0.0161
2026-08-13T14:39:54,265,4.417,3,1,0,2,0,0.3333,0.0177,0.0177
2026-08-13T14:39:54,266,4.433,3,1,0,2,0,0.3333,0.0152,0.0152
2026-08-13T14:39:55,267,4.45,3,1,0,2,0,0.3333,0.015,0.015
2026-08-13T14:39:55,268,4.467,1,1,0,0,0,1.0,0.0161,0.0161
2026-08-13T14:39:55,269,4.483,2,1,0,1,0,0.5,0.0158,0.0158
2026-08-13T14:39:55,270,4.5,2,1,0,1,0,0.5,0.0151,0.0151
2026-08-13T14:39:55,271,4.517,3,1,0,2,0,0.3333,0.0151,0.0151
2026-08-13T14:39:56,272,4.533,2,1,0,1,0,0.5,0.0133,0.0133
2026-08-13T14:39:56,273,4.55,2,1,0,1,0,0.5,0.0077,0.0077
2026-08-13T14:39:56,274,4.567,1,1,0,0,0,1.0,0.0144,0.0144
2026-08-13T14:39:56,275,4.583,1,1,0,0,0,1.0,0.0146,0.0146
2026-08-13T14:39:56,276,4.6,2,1,0,1,0,0.5,0.0151,0.0151
2026-08-13T14:39:57,277,4.617,3,2,0,1,0,0.6667,0.0091,0.0137
2026-08-13T14:39:57,278,4.633,1,1,0,0,0,1.0,0.0137,0.0137
2026-08-13T14:39:57,279,4.65,2,2,0,0,0,1.0,0.0113,0.0144
2026-08-13T14:39:57,280,4.667,2,2,0,0,0,1.0,0.011,0.0145
2026-08-13T14:39:58,281,4.683,3,1,0,2,0,0.3333,0.0138,0.0138
2026-08-13T14:39:58,282,4.7,1,1,0,0,0,1.0,0.0142,0.0142
2026-08-15T17:29:12,1,0.017,1,0,0,1,0,0.0,0.0,0.0
2026-08-15T17:29:12,2,0.033,1,0,0,1,0,0.0,0.0,0.0
2026-08-15T17:29:13,3,0.05,1,0,0,1,0,0.0,0.0,0.0
2026-08-15T17:29:13,4,0.067,1,0,0,1,0,0.0,0.0,0.0
2026-08-15T17:29:13,5,0.083,1,0,0,1,0,0.0,0.0,0.0
2026-08-15T17:29:14,6,0.1,1,0,0,1,0,0.0,0.0,0.0
2026-08-15T17:29:14,7,0.117,1,0,0,1,0,0.0,0.0,0.0
2026-08-15T17:29:14,8,0.133,1,0,0,1,0,0.0,0.0,0.0
2026-08-15T17:29:14,9,0.15,1,0,0,1,0,0.0,0.0,0.0
2026-08-15T17:29:14,10,0.167,1,0,0,1,0,0.0,0.0,0.0
2026-08-15T17:29:15,11,0.183,1,0,0,1,0,0.0,0.0,0.0
2026-08-15T17:29:15,12,0.2,1,0,0,1,0,0.0,0.0,0.0
2026-08-15T17:29:15,13,0.217,1,0,0,1,0,0.0,0.0,0.0
2026-08-15T17:29:15,14,0.233,1,0,0,1,0,0.0,0.0,0.0
2026-08-15T17:29:16,15,0.25,1,0,0,1,0,0.0,0.0,0.0
2026-08-15T17:29:17,16,0.267,0,0,0,0,0,0.0,0.0,0.0
2026-08-15T17:29:17,17,0.283,1,0,0,1,0,0.0,0.0,0.0
2026-08-15T17:29:17,18,0.3,1,0,0,1,0,0.0,0.0,0.0
2026-08-15T17:29:17,19,0.317,1,0,0,1,0,0.0,0.0,0.0
2026-08-15T17:29:18,20,0.333,1,0,0,1,0,0.0,0.0,0.0
2026-08-15T17:29:18,21,0.35,1,0,0,1,0,0.0,0.0,0.0
2026-08-15T17:29:18,22,0.367,1,0,0,1,0,0.0,0.0,0.0
2026-08-15T17:29:18,23,0.383,1,0,0,1,0,0.0,0.0,0.0
2026-08-15T17:29:19,24,0.4,1,0,0,1,0,0.0,0.0,0.0
2026-08-15T17:29:19,25,0.417,1,0,0,1,0,0.0,0.0,0.0
2026-08-15T17:29:19,26,0.433,1,0,0,1,0,0.0,0.0,0.0
2026-08-15T17:29:20,27,0.45,2,0,0,2,0,0.0,0.0,0.0
2026-08-15T17:29:20,28,0.467,2,0,0,2,0,0.0,0.0,0.0
2026-08-15T17:29:20,29,0.483,2,0,0,2,0,0.0,0.0,0.0
2026-08-15T17:29:21,30,0.5,2,0,0,2,0,0.0,0.0,0.0
2026-08-15T17:29:21,31,0.517,2,0,0,2,0,0.0,0.0,0.0
2026-08-15T17:29:21,32,0.533,2,0,0,2,0,0.0,0.0,0.0
2026-08-15T17:29:21,33,0.55,2,0,0,2,0,0.0,0.0,0.0
2026-08-15T17:29:22,34,0.567,2,0,0,2,0,0.0,0.0,0.0
2026-08-15T17:29:22,35,0.583,2,1,0,1,0,0.5,0.007,0.007
2026-08-15T17:29:22,36,0.6,4,0,0,4,0,0.0,0.0,0.0
2026-08-15T17:29:23,37,0.617,3,2,0,1,0,0.6667,0.0213,0.0401
2026-08-15T17:29:23,38,0.633,2,1,0,1,0,0.5,0.0346,0.0346
2026-08-15T17:29:24,39,0.65,3,2,0,1,0,0.6667,0.0156,0.0248
2026-08-15T17:29:24,40,0.667,3,2,0,1,0,0.6667,0.0146,0.0235
2026-08-15T17:29:24,41,0.683,3,2,0,1,0,0.6667,0.0145,0.0235
2026-08-15T17:29:25,42,0.7,3,0,0,3,0,0.0,0.0,0.0
2026-08-15T17:29:25,43,0.717,4,0,0,4,0,0.0,0.0,0.0
2026-08-15T17:29:25,44,0.733,4,1,0,3,0,0.25,0.0036,0.0036
2026-08-15T17:29:26,45,0.75,3,0,0,3,0,0.0,0.0,0.0
2026-08-15T17:29:26,46,0.767,3,1,0,2,0,0.3333,0.022,0.022
2026-08-15T17:29:26,47,0.783,3,1,0,2,0,0.3333,0.0187,0.0187
2026-08-15T17:29:27,48,0.8,2,1,0,1,0,0.5,0.026,0.026
2026-08-15T17:29:27,49,0.817,4,1,0,3,0,0.25,0.0344,0.0344
2026-08-15T17:29:27,50,0.833,3,1,0,2,0,0.3333,0.0348,0.0348
2026-08-15T17:29:28,51,0.85,3,0,0,3,0,0.0,0.0,0.0
2026-08-15T17:29:28,52,0.867,4,0,0,4,0,0.0,0.0,0.0
2026-08-15T17:29:28,53,0.883,4,0,0,4,0,0.0,0.0,0.0
2026-08-15T17:29:29,54,0.9,3,0,0,3,0,0.0,0.0,0.0
2026-08-15T17:29:29,55,0.917,4,0,0,4,0,0.0,0.0,0.0
2026-08-15T17:29:29,56,0.933,3,0,0,3,0,0.0,0.0,0.0
2026-08-15T17:29:29,57,0.95,3,0,0,3,0,0.0,0.0,0.0
2026-08-15T17:29:30,58,0.967,2,0,0,2,0,0.0,0.0,0.0
2026-08-15T17:29:30,59,0.983,4,0,0,4,0,0.0,0.0,0.0
2026-08-15T17:29:30,60,1.0,2,1,0,1,0,0.5,0.0033,0.0033
2026-08-15T17:29:31,61,1.017,2,1,0,1,0,0.5,0.0031,0.0031
2026-08-15T17:29:31,62,1.033,3,0,0,3,0,0.0,0.0,0.0
2026-08-15T17:29:31,63,1.05,3,1,0,2,0,0.3333,0.0039,0.0039
2026-08-15T17:29:32,64,1.067,3,0,0,3,0,0.0,0.0,0.0
2026-08-15T17:29:32,65,1.083,2,0,0,2,0,0.0,0.0,0.0
2026-08-15T17:29:32,66,1.1,2,0,0,2,0,0.0,0.0,0.0
2026-08-15T17:29:33,67,1.117,2,0,0,2,0,0.0,0.0,0.0
2026-08-15T17:29:33,68,1.133,2,0,0,2,0,0.0,0.0,0.0
2026-08-15T17:29:33,69,1.15,0,0,0,0,0,0.0,0.0,0.0
2026-08-15T17:29:34,70,1.167,3,0,0,3,0,0.0,0.0,0.0
2026-08-15T17:29:34,71,1.183,3,0,0,3,0,0.0,0.0,0.0
2026-08-15T17:29:34,72,1.2,3,0,0,3,0,0.0,0.0,0.0
2026-08-15T17:29:35,73,1.217,3,1,0,2,0,0.3333,0.0319,0.0319
2026-08-15T17:29:35,74,1.233,1,0,0,1,0,0.0,0.0,0.0
2026-08-15T17:29:35,75,1.25,1,0,0,1,0,0.0,0.0,0.0
2026-08-15T17:29:36,76,1.267,1,0,0,1,0,0.0,0.0,0.0
2026-08-15T17:29:36,77,1.283,1,0,0,1,0,0.0,0.0,0.0
2026-08-15T17:29:36,78,1.3,1,1,0,0,0,1.0,0.0033,0.0033
2026-08-15T17:29:37,79,1.317,1,1,0,0,0,1.0,0.0049,0.0049
2026-08-15T17:29:37,80,1.333,1,0,0,1,0,0.0,0.0,0.0
2026-08-15T17:29:37,81,1.35,1,0,0,1,0,0.0,0.0,0.0
2026-08-15T17:29:38,82,1.367,1,0,0,1,0,0.0,0.0,0.0
2026-08-15T17:29:38,83,1.383,1,0,0,1,0,0.0,0.0,0.0
2026-08-15T17:29:38,84,1.4,1,0,0,1,0,0.0,0.0,0.0
2026-08-15T17:29:38,85,1.417,1,0,0,1,0,0.0,0.0,0.0
2026-08-15T17:29:39,86,1.433,1,1,0,0,0,1.0,0.0041,0.0041
2026-08-15T17:29:39,87,1.45,1,0,0,1,0,0.0,0.0,0.0
2026-08-24T14:12:56,1,0.017,1,0,0,1,0,0.0,0.0,0.0
2026-08-24T14:12:56,2,0.033,1,0,0,1,0,0.0,0.0,0.0
2026-08-24T14:12:57,3,0.05,1,0,0,1,0,0.0,0.0,0.0
2026-08-24T14:12:57,4,0.067,1,0,0,1,0,0.0,0.0,0.0
2026-08-24T14:12:57,5,0.083,1,0,0,1,0,0.0,0.0,0.0
2026-08-24T14:12:57,6,0.1,1,0,0,1,0,0.0,0.0,0.0
2026-08-24T14:12:58,7,0.117,1,0,0,1,0,0.0,0.0,0.0
2026-08-24T14:12:58,8,0.133,1,0,0,1,0,0.0,0.0,0.0
2026-08-24T14:12:58,9,0.15,1,0,0,1,0,0.0,0.0,0.0
2026-08-24T14:12:59,10,0.167,1,0,0,1,0,0.0,0.0,0.0
2026-08-24T14:12:59,11,0.183,1,0,0,1,0,0.0,0.0,0.0
2026-08-24T14:12:59,12,0.2,1,0,0,1,0,0.0,0.0,0.0
2026-08-24T14:12:59,13,0.217,1,0,0,1,0,0.0,0.0,0.0
2026-08-24T14:13:00,14,0.233,1,0,0,1,0,0.0,0.0,0.0
2026-08-24T14:13:00,15,0.25,1,0,0,1,0,0.0,0.0,0.0
2026-08-24T14:13:00,16,0.267,0,0,0,0,0,0.0,0.0,0.0
2026-08-24T14:13:01,17,0.283,1,0,0,1,0,0.0,0.0,0.0
2026-08-24T14:13:01,18,0.3,1,0,0,1,0,0.0,0.0,0.0
2026-08-24T14:13:01,19,0.317,1,0,0,1,0,0.0,0.0,0.0
2026-08-24T14:13:02,20,0.333,1,0,0,1,0,0.0,0.0,0.0
2026-08-24T14:13:02,21,0.35,1,0,0,1,0,0.0,0.0,0.0
2026-08-24T14:13:02,22,0.367,1,0,0,1,0,0.0,0.0,0.0
2026-08-24T14:13:03,23,0.383,1,0,0,1,0,0.0,0.0,0.0
2026-08-24T14:13:03,24,0.4,1,0,0,1,0,0.0,0.0,0.0
2026-08-24T14:13:03,25,0.417,1,0,0,1,0,0.0,0.0,0.0
2026-08-24T14:13:03,26,0.433,1,0,0,1,0,0.0,0.0,0.0
2026-08-24T14:13:04,27,0.45,2,0,0,2,0,0.0,0.0,0.0
2026-08-24T14:13:04,28,0.467,2,0,0,2,0,0.0,0.0,0.0
2026-08-24T14:13:04,29,0.483,2,0,0,2,0,0.0,0.0,0.0
2026-08-24T14:13:05,30,0.5,2,0,0,2,0,0.0,0.0,0.0
2026-08-24T14:13:05,31,0.517,2,0,0,2,0,0.0,0.0,0.0
2026-08-24T14:13:05,32,0.533,2,0,0,2,0,0.0,0.0,0.0
2026-08-24T14:13:06,33,0.55,2,0,0,2,0,0.0,0.0,0.0
2026-08-24T14:13:06,34,0.567,2,0,0,2,0,0.0,0.0,0.0
2026-08-24T14:13:07,35,0.583,2,1,0,1,0,0.5,0.007,0.007
2026-08-24T14:13:07,36,0.6,4,0,0,4,0,0.0,0.0,0.0
2026-08-24T14:13:08,37,0.617,3,2,0,1,0,0.6667,0.0213,0.0401
2026-08-24T14:13:08,38,0.633,2,1,0,1,0,0.5,0.0346,0.0346
2026-08-24T14:13:08,39,0.65,3,2,0,1,0,0.6667,0.0156,0.0248
2026-08-24T14:13:09,40,0.667,3,2,0,1,0,0.6667,0.0146,0.0235
2026-08-24T14:13:09,41,0.683,3,2,0,1,0,0.6667,0.0145,0.0235
2026-08-24T14:13:10,42,0.7,3,0,0,3,0,0.0,0.0,0.0
2026-08-24T14:13:10,43,0.717,4,0,0,4,0,0.0,0.0,0.0
2026-08-24T14:13:11,44,0.733,4,1,0,3,0,0.25,0.0036,0.0036
2026-08-24T14:13:11,45,0.75,3,0,0,3,0,0.0,0.0,0.0
2026-08-24T14:13:12,46,0.767,3,1,0,2,0,0.3333,0.022,0.022
2026-08-24T14:13:12,47,0.783,3,1,0,2,0,0.3333,0.0187,0.0187
2026-08-24T14:13:12,48,0.8,2,1,0,1,0,0.5,0.026,0.026
2026-08-24T14:13:12,49,0.817,4,1,0,3,0,0.25,0.0344,0.0344
2026-08-24T14:13:13,50,0.833,3,1,0,2,0,0.3333,0.0348,0.0348
2026-08-24T14:13:13,51,0.85,3,0,0,3,0,0.0,0.0,0.0
2026-08-24T14:13:13,52,0.867,4,0,0,4,0,0.0,0.0,0.0
2026-08-24T14:13:14,53,0.883,4,0,0,4,0,0.0,0.0,0.0
2026-08-24T14:13:14,54,0.9,3,0,0,3,0,0.0,0.0,0.0
2026-08-24T14:13:15,55,0.917,4,0,0,4,0,0.0,0.0,0.0
2026-08-24T14:13:15,56,0.933,3,0,0,3,0,0.0,0.0,0.0
2026-08-24T14:13:15,57,0.95,3,0,0,3,0,0.0,0.0,0.0
2026-08-24T14:13:16,58,0.967,2,0,0,2,0,0.0,0.0,0.0
2026-08-24T14:13:16,59,0.983,4,0,0,4,0,0.0,0.0,0.0
2026-08-24T14:13:16,60,1.0,2,1,0,1,0,0.5,0.0033,0.0033
2026-08-24T14:13:17,61,1.017,2,1,0,1,0,0.5,0.0031,0.0031
2026-08-24T14:13:17,62,1.033,3,0,0,3,0,0.0,0.0,0.0
2026-08-24T14:13:17,63,1.05,3,1,0,2,0,0.3333,0.0039,0.0039
2026-08-24T14:13:18,64,1.067,3,0,0,3,0,0.0,0.0,0.0
2026-08-24T14:13:18,65,1.083,2,0,0,2,0,0.0,0.0,0.0
2026-08-24T14:13:18,66,1.1,2,0,0,2,0,0.0,0.0,0.0
2026-08-24T14:13:19,67,1.117,2,0,0,2,0,0.0,0.0,0.0
2026-08-24T14:13:19,68,1.133,2,0,0,2,0,0.0,0.0,0.0
2026-08-24T14:13:19,69,1.15,0,0,0,0,0,0.0,0.0,0.0
2026-08-24T14:13:19,70,1.167,3,0,0,3,0,0.0,0.0,0.0
2026-08-24T14:13:20,71,1.183,3,0,0,3,0,0.0,0.0,0.0
2026-08-24T14:13:20,72,1.2,3,0,0,3,0,0.0,0.0,0.0
2026-08-24T14:13:20,73,1.217,3,1,0,2,0,0.3333,0.0319,0.0319
2026-08-24T14:13:21,74,1.233,1,0,0,1,0,0.0,0.0,0.0
2026-08-24T14:13:21,75,1.25,1,0,0,1,0,0.0,0.0,0.0
2026-08-24T14:13:21,76,1.267,1,0,0,1,0,0.0,0.0,0.0
2026-08-24T14:13:22,77,1.283,1,0,0,1,0,0.0,0.0,0.0
2026-08-24T14:13:22,78,1.3,1,1,0,0,0,1.0,0.0033,0.0033
2026-08-24T14:13:22,79,1.317,1,1,0,0,0,1.0,0.0049,0.0049
2026-08-24T14:13:23,80,1.333,1,0,0,1,0,0.0,0.0,0.0
2026-08-24T14:13:23,81,1.35,1,0,0,1,0,0.0,0.0,0.0
2026-08-24T14:13:23,82,1.367,1,0,0,1,0,0.0,0.0,0.0
2026-08-24T14:13:24,83,1.383,1,0,0,1,0,0.0,0.0,0.0
2026-08-24T14:13:24,84,1.4,1,0,0,1,0,0.0,0.0,0.0
2026-08-24T14:13:24,85,1.417,1,0,0,1,0,0.0,0.0,0.0
2026-08-24T14:13:24,86,1.433,1,1,0,0,0,1.0,0.0041,0.0041
2026-08-24T14:13:25,87,1.45,1,0,0,1,0,0.0,0.0,0.0
2026-08-24T14:13:25,88,1.467,1,0,0,1,0,0.0,0.0,0.0
2026-08-24T14:13:26,89,1.483,1,0,0,1,0,0.0,0.0,0.0
2026-08-24T14:13:26,90,1.5,2,1,0,1,0,0.5,0.0103,0.0103
2026-08-24T14:13:26,91,1.517,1,1,0,0,0,1.0,0.0103,0.0103
2026-08-24T14:13:27,92,1.533,1,1,0,0,0,1.0,0.0106,0.0106
2026-08-24T14:13:27,93,1.55,1,0,0,1,0,0.0,0.0,0.0
2026-08-24T14:13:27,94,1.567,1,0,0,1,0,0.0,0.0,0.0
2026-08-24T14:13:27,95,1.583,1,1,0,0,0,1.0,0.0128,0.0128
2026-08-24T14:13:28,96,1.6,3,0,0,3,0,0.0,0.0,0.0
2026-08-24T14:13:28,97,1.617,0,0,0,0,0,0.0,0.0,0.0
2026-08-24T14:13:29,98,1.633,2,1,0,1,0,0.5,0.0068,0.0068
2026-08-24T14:13:29,99,1.65,2,1,0,1,0,0.5,0.0062,0.0062
2026-08-24T14:13:29,100,1.667,2,1,0,1,0,0.5,0.0063,0.0063
2026-08-24T14:13:30,101,1.683,1,0,0,1,0,0.0,0.0,0.0
2026-08-24T14:13:30,102,1.7,1,0,0,1,0,0.0,0.0,0.0
2026-08-24T14:13:30,103,1.717,2,1,0,1,0,0.5,0.0058,0.0058
2026-08-24T14:13:30,104,1.733,2,1,0,1,0,0.5,0.0056,0.0056
2026-08-24T14:13:31,105,1.75,1,0,0,1,0,0.0,0.0,0.0
2026-08-24T14:13:31,106,1.767,1,0,0,1,0,0.0,0.0,0.0
2026-08-24T14:13:31,107,1.783,1,0,0,1,0,0.0,0.0,0.0
2026-08-24T14:13:32,108,1.8,1,0,0,1,0,0.0,0.0,0.0
2026-08-24T14:13:32,109,1.817,2,1,0,1,0,0.5,0.0064,0.0064
2026-08-24T14:13:32,110,1.833,2,0,0,2,0,0.0,0.0,0.0
2026-08-24T14:13:33,111,1.85,2,0,0,2,0,0.0,0.0,0.0
2026-08-24T14:13:33,112,1.867,2,0,0,2,0,0.0,0.0,0.0
2026-08-24T14:13:33,113,1.883,2,0,0,2,0,0.0,0.0,0.0
2026-08-24T14:13:33,114,1.9,3,1,0,2,0,0.3333,0.0068,0.0068
2026-08-24T14:13:34,115,1.917,3,1,0,2,0,0.3333,0.0073,0.0073
2026-08-24T14:13:34,116,1.933,3,1,0,2,0,0.3333,0.006,0.006
2026-08-24T14:13:34,117,1.95,3,1,0,2,0,0.3333,0.0067,0.0067
2026-08-24T14:13:35,118,1.967,3,1,0,2,0,0.3333,0.006,0.006
2026-08-24T14:13:35,119,1.983,4,0,0,4,0,0.0,0.0,0.0
2026-08-24T14:13:35,120,2.0,4,0,0,4,0,0.0,0.0,0.0
2026-08-24T14:13:36,121,2.017,2,0,0,2,0,0.0,0.0,0.0
2026-08-24T14:13:36,122,2.033,2,0,0,2,0,0.0,0.0,0.0
2026-08-24T14:13:37,123,2.05,2,0,0,2,0,0.0,0.0,0.0
2026-08-24T14:13:37,124,2.067,3,0,0,3,0,0.0,0.0,0.0
2026-08-24T14:13:37,125,2.083,2,0,0,2,0,0.0,0.0,0.0
2026-08-24T14:13:38,126,2.1,5,0,0,5,0,0.0,0.0,0.0
2026-08-24T14:13:38,127,2.117,3,0,0,3,0,0.0,0.0,0.0
2026-08-24T14:13:39,128,2.133,2,0,0,2,0,0.0,0.0,0.0
2026-08-24T14:13:39,129,2.15,1,0,0,1,0,0.0,0.0,0.0
2026-08-24T14:13:39,130,2.167,2,0,0,2,0,0.0,0.0,0.0
2026-08-24T14:13:39,131,2.183,3,0,0,3,0,0.0,0.0,0.0
2026-08-24T14:13:40,132,2.2,4,1,0,3,0,0.25,0.0051,0.0051
2026-08-24T14:13:40,133,2.217,3,1,0,2,0,0.3333,0.0045,0.0045
2026-08-24T14:13:41,134,2.233,2,1,0,1,0,0.5,0.0046,0.0046
2026-08-24T14:13:41,135,2.25,2,1,0,1,0,0.5,0.0032,0.0032
2026-08-24T14:13:41,136,2.267,2,0,0,2,0,0.0,0.0,0.0
2026-08-24T14:13:42,137,2.283,2,0,0,2,0,0.0,0.0,0.0
2026-08-24T14:13:42,138,2.3,4,1,0,3,0,0.25,0.0044,0.0044
2026-08-24T14:13:42,139,2.317,1,0,0,1,0,0.0,0.0,0.0
2026-08-24T14:13:42,140,2.333,1,1,0,0,0,1.0,0.012,0.012
2026-08-24T14:13:43,141,2.35,2,2,0,0,0,1.0,0.0087,0.0141
2026-08-24T14:13:43,142,2.367,3,2,0,1,0,0.6667,0.0187,0.0218
2026-08-24T14:13:43,143,2.383,1,1,0,0,0,1.0,0.0162,0.0162
2026-08-24T14:13:43,144,2.4,3,2,0,1,0,0.6667,0.0155,0.0205
2026-08-24T14:13:44,145,2.417,3,2,0,1,0,0.6667,0.0055,0.0089
2026-08-24T14:13:44,146,2.433,3,2,0,1,0,0.6667,0.0058,0.0088
2026-08-24T14:13:44,147,2.45,4,3,0,1,0,0.75,0.0056,0.0088
2026-08-24T14:13:45,148,2.467,3,3,0,0,0,1.0,0.0079,0.0141
2026-08-24T14:13:45,149,2.483,2,2,0,0,0,1.0,0.0114,0.0149
2026-08-24T14:13:45,150,2.5,3,2,0,1,0,0.6667,0.0099,0.0144
2026-08-24T14:13:46,151,2.517,4,2,0,2,0,0.5,0.0138,0.0213
2026-08-24T14:13:46,152,2.533,1,1,0,0,0,1.0,0.0084,0.0084
2026-08-24T14:13:46,153,2.55,3,2,0,1,0,0.6667,0.0161,0.0237
2026-08-24T14:13:46,154,2.567,3,2,0,1,0,0.6667,0.0174,0.0248
2026-08-24T14:13:47,155,2.583,0,0,0,0,0,0.0,0.0,0.0
2026-08-24T14:13:47,156,2.6,2,1,0,1,0,0.5,0.0084,0.0084
2026-08-24T14:13:47,157,2.617,3,2,0,1,0,0.6667,0.009,0.0095
2026-08-24T14:13:48,158,2.633,2,1,0,1,0,0.5,0.0076,0.0076
2026-08-24T14:13:48,159,2.65,3,3,0,0,0,1.0,0.01,0.0152
2026-08-24T14:13:48,160,2.667,3,3,0,0,0,1.0,0.0099,0.0149
2026-08-24T14:13:48,161,2.683,3,3,0,0,0,1.0,0.01,0.0151
2026-08-24T14:13:49,162,2.7,2,2,0,0,0,1.0,0.0115,0.0154
2026-08-24T14:13:49,163,2.717,2,1,0,1,0,0.5,0.0149,0.0149
2026-08-24T14:13:49,164,2.733,3,2,0,1,0,0.6667,0.0115,0.0147
2026-08-24T14:13:49,165,2.75,1,1,0,0,0,1.0,0.0146,0.0146
2026-08-24T14:13:50,166,2.767,2,2,0,0,0,1.0,0.0086,0.014
2026-08-24T14:13:50,167,2.783,1,0,0,1,0,0.0,0.0,0.0
2026-08-24T14:13:50,168,2.8,3,0,0,3,0,0.0,0.0,0.0
2026-08-24T14:13:51,169,2.817,1,0,0,1,0,0.0,0.0,0.0
2026-08-24T14:13:51,170,2.833,2,1,0,1,0,0.5,0.0133,0.0133
2026-08-24T14:13:51,171,2.85,3,1,0,2,0,0.3333,0.0132,0.0132
2026-08-24T14:13:52,172,2.867,1,0,0,1,0,0.0,0.0,0.0
2026-08-24T14:13:52,173,2.883,2,2,0,0,0,1.0,0.0097,0.0145
2026-08-24T14:13:52,174,2.9,2,1,0,1,0,0.5,0.0169,0.0169
2026-08-24T14:13:53,175,2.917,1,1,0,0,0,1.0,0.0139,0.0139
2026-08-24T14:13:53,176,2.933,0,0,0,0,0,0.0,0.0,0.0
2026-08-24T14:13:54,177,2.95,0,0,0,0,0,0.0,0.0,0.0
2026-08-24T14:13:54,178,2.967,1,0,0,1,0,0.0,0.0,0.0
2026-08-24T14:13:54,179,2.983,1,1,0,0,0,1.0,0.014,0.014
2026-08-24T14:13:55,180,3.0,3,1,0,2,0,0.3333,0.0121,0.0121
2026-08-24T14:13:55,181,3.017,5,2,0,3,0,0.4,0.0143,0.0149
2026-08-24T14:13:55,182,3.033,4,2,0,2,0,0.5,0.0155,0.0175
2026-08-24T14:13:56,183,3.05,4,3,0,1,0,0.75,0.0113,0.0169
2026-08-24T14:13:56,184,3.067,6,3,0,3,0,0.5,0.0111,0.0169
2026-08-24T14:13:56,185,3.083,4,2,0,2,0,0.5,0.0177,0.0181
2026-08-24T14:13:57,186,3.1,6,2,0,4,0,0.3333,0.0171,0.018
2026-08-24T14:13:57,187,3.117,6,2,0,4,0,0.3333,0.0172,0.018
2026-08-24T14:13:57,188,3.133,3,2,0,1,0,0.6667,0.018,0.0183
2026-08-24T14:13:58,189,3.15,4,2,0,2,0,0.5,0.0171,0.0179
2026-08-24T14:13:58,190,3.167,4,1,0,3,0,0.25,0.015,0.015
2026-08-24T14:13:58,191,3.183,3,2,0,1,0,0.6667,0.0157,0.0168
2026-08-24T14:13:59,192,3.2,5,3,0,2,0,0.6,0.0126,0.0163
2026-08-24T14:13:59,193,3.217,4,2,0,2,0,0.5,0.0157,0.0178
2026-08-24T14:13:59,194,3.233,3,1,0,2,0,0.3333,0.015,0.015
2026-08-24T14:14:00,195,3.25,4,2,0,2,0,0.5,0.015,0.0155
2026-08-24T14:14:00,196,3.267,3,2,0,1,0,0.6667,0.0144,0.0149
2026-08-24T14:14:00,197,3.283,4,2,0,2,0,0.5,0.0155,0.0157
2026-08-24T14:14:01,198,3.3,4,2,0,2,0,0.5,0.0149,0.0155
2026-08-24T14:14:01,199,3.317,2,2,0,0,0,1.0,0.0145,0.0148
2026-08-24T14:14:02,200,3.333,2,2,0,0,0,1.0,0.0143,0.0147
2026-08-24T14:14:02,201,3.35,2,2,0,0,0,1.0,0.0143,0.0147
2026-08-24T14:14:03,202,3.367,3,2,0,1,0,0.6667,0.0144,0.0151
2026-08-24T14:14:03,203,3.383,4,3,0,1,0,0.75,0.0176,0.0223
2026-08-24T14:14:03,204,3.4,2,2,0,0,0,1.0,0.0152,0.0163
2026-08-24T14:14:03,205,3.417,3,3,0,0,0,1.0,0.0182,0.0254
2026-08-24T14:14:04,206,3.433,4,2,0,2,0,0.5,0.0143,0.0163
2026-08-24T14:14:04,207,3.45,4,2,0,2,0,0.5,0.0143,0.0162
2026-08-24T14:14:04,208,3.467,3,2,0,1,0,0.6667,0.0144,0.0164
2026-08-24T14:14:05,209,3.483,3,2,0,1,0,0.6667,0.0147,0.0171
2026-08-24T14:14:05,210,3.5,3,2,0,1,0,0.6667,0.0144,0.0168
2026-08-24T14:14:05,211,3.517,5,3,0,2,0,0.6,0.0138,0.017
2026-08-24T14:14:06,212,3.533,4,2,0,2,0,0.5,0.0165,0.0183
2026-08-24T14:14:06,213,3.55,4,3,0,1,0,0.75,0.0147,0.0173
2026-08-24T14:14:06,214,3.567,4,3,0,1,0,0.75,0.0146,0.0176
2026-08-24T14:14:07,215,3.583,6,3,0,3,0,0.5,0.0143,0.0168
2026-08-24T14:14:07,216,3.6,5,3,0,2,0,0.6,0.014,0.0174
2026-08-24T14:14:07,217,3.617,7,3,0,4,0,0.4286,0.014,0.0158
2026-08-24T14:14:08,218,3.633,4,2,0,2,0,0.5,0.0153,0.0156
2026-08-24T14:14:08,219,3.65,4,2,0,2,0,0.5,0.0146,0.0147
2026-08-24T14:14:08,220,3.667,3,2,0,1,0,0.6667,0.0144,0.0156
2026-08-24T14:14:09,221,3.683,2,2,0,0,0,1.0,0.015,0.0172
2026-08-24T14:14:09,222,3.7,3,2,0,1,0,0.6667,0.0156,0.0179
2026-08-24T14:14:09,223,3.717,5,2,0,3,0,0.4,0.0149,0.018
2026-08-24T14:14:09,224,3.733,3,2,0,1,0,0.6667,0.0149,0.0176
2026-08-24T14:14:10,225,3.75,2,2,0,0,0,1.0,0.0153,0.0182
2026-08-24T14:14:10,226,3.767,3,2,0,1,0,0.6667,0.0149,0.0177
2026-08-24T14:14:10,227,3.783,3,2,0,1,0,0.6667,0.0148,0.0176
2026-08-24T14:14:11,228,3.8,3,2,0,1,0,0.6667,0.0136,0.0164
2026-08-24T14:14:11,229,3.817,2,1,0,1,0,0.5,0.0159,0.0159
2026-08-24T14:14:11,230,3.833,3,2,0,1,0,0.6667,0.015,0.0167
2026-08-24T14:14:12,231,3.85,2,1,0,1,0,0.5,0.0155,0.0155
2026-08-24T14:14:12,232,3.867,2,1,0,1,0,0.5,0.015,0.015
2026-08-24T14:14:12,233,3.883,3,1,0,2,0,0.3333,0.0153,0.0153
2026-08-24T14:14:13,234,3.9,3,1,0,2,0,0.3333,0.017,0.017
2026-08-24T14:14:13,235,3.917,2,1,0,1,0,0.5,0.017,0.017
2026-08-24T14:14:13,236,3.933,2,1,0,1,0,0.5,0.0168,0.0168
2026-08-24T14:14:14,237,3.95,3,1,0,2,0,0.3333,0.0168,0.0168
2026-08-24T14:14:14,238,3.967,3,1,0,2,0,0.3333,0.0164,0.0164
2026-08-24T14:14:14,239,3.983,2,1,0,1,0,0.5,0.0163,0.0163
2026-08-24T14:14:15,240,4.0,2,1,0,1,0,0.5,0.0164,0.0164
2026-08-24T14:14:15,241,4.017,1,1,0,0,0,1.0,0.0166,0.0166
2026-08-24T14:14:15,242,4.033,4,1,0,3,0,0.25,0.0171,0.0171
2026-08-24T14:14:15,243,4.05,3,1,0,2,0,0.3333,0.0166,0.0166
2026-08-24T14:14:16,244,4.067,4,1,0,3,0,0.25,0.0166,0.0166
2026-08-24T14:14:16,245,4.083,5,1,0,4,0,0.2,0.0169,0.0169
2026-08-24T14:14:16,246,4.1,4,2,0,2,0,0.5,0.0147,0.0168
2026-08-24T14:14:17,247,4.117,4,1,0,3,0,0.25,0.0186,0.0186
2026-08-24T14:14:17,248,4.133,4,1,0,3,0,0.25,0.0182,0.0182
2026-08-24T14:14:17,249,4.15,5,1,0,4,0,0.2,0.0165,0.0165
2026-08-24T14:14:18,250,4.167,6,1,0,5,0,0.1667,0.0177,0.0177
2026-08-24T14:14:18,251,4.183,4,1,0,3,0,0.25,0.0164,0.0164
2026-08-24T14:14:18,252,4.2,3,2,0,1,0,0.6667,0.0117,0.0183
2026-08-24T14:14:19,253,4.217,3,1,0,2,0,0.3333,0.0168,0.0168
2026-08-24T14:14:19,254,4.233,2,1,0,1,0,0.5,0.0168,0.0168
2026-08-24T14:14:19,255,4.25,4,1,0,3,0,0.25,0.018,0.018
2026-08-24T14:14:20,256,4.267,3,1,0,2,0,0.3333,0.0196,0.0196
2026-08-24T14:14:20,257,4.283,3,1,0,2,0,0.3333,0.0183,0.0183
2026-08-24T14:14:20,258,4.3,4,1,0,3,0,0.25,0.0182,0.0182
2026-08-24T14:14:21,259,4.317,2,1,0,1,0,0.5,0.0177,0.0177
2026-08-24T14:14:21,260,4.333,5,1,0,4,0,0.2,0.0181,0.0181
2026-08-24T14:14:21,261,4.35,4,1,0,3,0,0.25,0.0181,0.0181
2026-08-24T14:14:22,262,4.367,2,1,0,1,0,0.5,0.0177,0.0177
2026-08-24T14:14:22,263,4.383,1,1,0,0,0,1.0,0.0161,0.0161
2026-08-24T14:14:22,264,4.4,1,1,0,0,0,1.0,0.0161,0.0161
2026-08-24T14:14:23,265,4.417,3,1,0,2,0,0.3333,0.0177,0.0177
2026-08-24T14:14:23,266,4.433,3,1,0,2,0,0.3333,0.0152,0.0152
2026-08-24T14:14:23,267,4.45,3,1,0,2,0,0.3333,0.015,0.015
2026-08-24T14:14:23,268,4.467,1,1,0,0,0,1.0,0.0161,0.0161
2026-08-24T14:14:24,269,4.483,2,1,0,1,0,0.5,0.0158,0.0158
2026-08-24T14:14:24,270,4.5,2,1,0,1,0,0.5,0.0151,0.0151
2026-08-24T14:14:24,271,4.517,3,1,0,2,0,0.3333,0.0151,0.0151
2026-08-24T14:14:25,272,4.533,2,1,0,1,0,0.5,0.0133,0.0133
2026-08-24T14:14:25,273,4.55,2,1,0,1,0,0.5,0.0077,0.0077
2026-08-24T14:14:25,274,4.567,1,1,0,0,0,1.0,0.0144,0.0144
2026-08-24T14:14:25,275,4.583,1,1,0,0,0,1.0,0.0146,0.0146
2026-08-24T14:14:26,276,4.6,2,1,0,1,0,0.5,0.0151,0.0151
2026-08-24T14:14:26,277,4.617,3,2,0,1,0,0.6667,0.0091,0.0137
2026-08-24T14:14:26,278,4.633,1,1,0,0,0,1.0,0.0137,0.0137
2026-08-24T14:14:27,279,4.65,2,2,0,0,0,1.0,0.0113,0.0144
2026-08-24T14:14:27,280,4.667,2,2,0,0,0,1.0,0.011,0.0145
2026-08-24T14:14:27,281,4.683,3,1,0,2,0,0.3333,0.0138,0.0138
2026-08-24T14:14:28,282,4.7,1,1,0,0,0,1.0,0.0142,0.0142
2026-08-24T14:14:28,283,4.717,0,0,0,0,0,0.0,0.0,0.0
2026-08-24T14:14:28,284,4.733,1,1,0,0,0,1.0,0.0071,0.0071
2026-08-24T14:14:29,285,4.75,2,1,0,1,0,0.5,0.0145,0.0145
2026-08-24T14:14:29,286,4.767,1,1,0,0,0,1.0,0.0129,0.0129
2026-08-24T14:14:29,287,4.783,1,1,0,0,0,1.0,0.0126,0.0126
2026-08-24T14:14:29,288,4.8,0,0,0,0,0,0.0,0.0,0.0
2026-08-24T14:14:30,289,4.817,1,0,0,1,0,0.0,0.0,0.0
2026-08-24T14:14:30,290,4.833,0,0,0,0,0,0.0,0.0,0.0
2026-08-24T14:14:30,291,4.85,2,1,0,1,0,0.5,0.0035,0.0035
2026-08-24T14:14:30,292,4.867,1,0,0,1,0,0.0,0.0,0.0
2026-08-24T14:14:31,293,4.883,1,1,0,0,0,1.0,0.003,0.003
2026-08-24T14:14:31,294,4.9,2,1,0,1,0,0.5,0.0029,0.0029
2026-08-24T14:14:31,295,4.917,1,1,0,0,0,1.0,0.0062,0.0062
2026-08-24T14:14:32,296,4.933,1,1,0,0,0,1.0,0.0057,0.0057
2026-08-24T14:14:32,297,4.95,1,1,0,0,0,1.0,0.0064,0.0064
2026-08-24T14:14:32,298,4.967,0,0,0,0,0,0.0,0.0,0.0
2026-08-24T14:14:32,299,4.983,0,0,0,0,0,0.0,0.0,0.0
2026-08-24T14:14:33,300,5.0,0,0,0,0,0,0.0,0.0,0.0
2026-08-24T14:14:33,301,5.017,0,0,0,0,0,0.0,0.0,0.0
2026-08-24T14:14:33,302,5.033,0,0,0,0,0,0.0,0.0,0.0
2026-08-24T14:14:34,303,5.05,0,0,0,0,0,0.0,0.0,0.0
2026-08-24T14:14:34,304,5.067,0,0,0,0,0,0.0,0.0,0.0
2026-08-24T14:14:34,305,5.083,0,0,0,0,0,0.0,0.0,0.0
2026-08-24T14:14:34,306,5.1,0,0,0,0,0,0.0,0.0,0.0
2026-08-24T14:14:35,307,5.117,0,0,0,0,0,0.0,0.0,0.0
2026-08-24T14:14:35,308,5.133,0,0,0,0,0,0.0,0.0,0.0
2026-08-24T14:14:35,309,5.15,0,0,0,0,0,0.0,0.0,0.0
2026-08-24T14:14:36,310,5.167,0,0,0,0,0,0.0,0.0,0.0
2026-08-24T14:14:36,311,5.183,0,0,0,0,0,0.0,0.0,0.0
2026-08-24T14:14:36,312,5.2,1,0,0,1,0,0.0,0.0,0.0
2026-08-24T14:14:37,313,5.217,1,0,0,1,0,0.0,0.0,0.0
2026-08-24T14:14:37,314,5.233,0,0,0,0,0,0.0,0.0,0.0
2026-08-24T14:14:37,315,5.25,1,0,0,1,0,0.0,0.0,0.0
2026-08-24T14:14:38,316,5.267,1,0,0,1,0,0.0,0.0,0.0
2026-08-24T14:14:38,317,5.283,0,0,0,0,0,0.0,0.0,0.0
2026-08-24T14:14:38,318,5.3,3,1,0,2,0,0.3333,0.0115,0.0115
2026-08-24T14:14:39,319,5.317,1,0,0,1,0,0.0,0.0,0.0
2026-08-24T14:14:39,320,5.333,1,0,0,1,0,0.0,0.0,0.0
2026-08-24T14:14:39,321,5.35,1,0,0,1,0,0.0,0.0,0.0
2026-08-24T14:14:39,322,5.367,2,0,0,2,0,0.0,0.0,0.0
2026-08-24T14:14:39,323,5.383,3,1,0,2,0,0.3333,0.0099,0.0099
2026-08-24T14:14:40,324,5.4,1,0,0,1,0,0.0,0.0,0.0
2026-08-24T14:14:40,325,5.417,0,0,0,0,0,0.0,0.0,0.0
2026-08-24T14:14:40,326,5.433,1,1,0,0,0,1.0,0.0079,0.0079
2026-08-24T14:14:40,327,5.45,2,1,0,1,0,0.5,0.0049,0.0049
2026-08-24T14:14:41,328,5.467,3,1,0,2,0,0.3333,0.0071,0.0071
2026-08-24T14:14:41,329,5.483,0,0,0,0,0,0.0,0.0,0.0
2026-08-24T14:14:41,330,5.5,1,1,0,0,0,1.0,0.008,0.008
2026-08-24T14:14:41,331,5.517,1,0,0,1,0,0.0,0.0,0.0
2026-08-24T14:14:41,332,5.533,0,0,0,0,0,0.0,0.0,0.0
2026-08-24T14:14:42,333,5.55,1,1,0,0,0,1.0,0.0095,0.0095
2026-08-24T14:14:42,334,5.567,0,0,0,0,0,0.0,0.0,0.0
2026-08-24T14:14:42,335,5.583,1,1,0,0,0,1.0,0.003,0.003
2026-08-24T14:14:42,336,5.6,1,0,0,1,0,0.0,0.0,0.0
2026-08-24T14:14:43,337,5.617,0,0,0,0,0,0.0,0.0,0.0
2026-08-24T14:14:43,338,5.633,1,0,0,1,0,0.0,0.0,0.0
2026-08-24T14:14:43,339,5.65,1,1,0,0,0,1.0,0.0058,0.0058
2026-08-24T14:14:43,340,5.667,2,1,0,1,0,0.5,0.0048,0.0048
2026-08-24T14:14:44,341,5.683,0,0,0,0,0,0.0,0.0,0.0
2026-08-24T14:14:44,342,5.7,1,1,0,0,0,1.0,0.006,0.006
2026-08-24T14:14:44,343,5.717,1,1,0,0,0,1.0,0.0056,0.0056
2026-08-24T14:14:44,344,5.733,1,1,0,0,0,1.0,0.0061,0.0061
2026-08-24T14:14:44,345,5.75,1,1,0,0,0,1.0,0.0059,0.0059
2026-08-24T14:14:45,346,5.767,1,1,0,0,0,1.0,0.0065,0.0065
2026-08-24T14:14:45,347,5.783,0,0,0,0,0,0.0,0.0,0.0
2026-08-24T14:14:45,348,5.8,1,1,0,0,0,1.0,0.0066,0.0066
2026-08-24T14:14:45,349,5.817,1,1,0,0,0,1.0,0.0066,0.0066
2026-08-24T14:14:45,350,5.833,1,1,0,0,0,1.0,0.007,0.007
2026-08-24T14:14:46,351,5.85,1,1,0,0,0,1.0,0.0062,0.0062
2026-08-24T14:14:46,352,5.867,1,1,0,0,0,1.0,0.0069,0.0069
2026-08-24T14:14:46,353,5.883,1,1,0,0,0,1.0,0.0068,0.0068
2026-08-24T14:14:46,354,5.9,0,0,0,0,0,0.0,0.0,0.0
2026-08-24T14:14:46,355,5.917,1,1,0,0,0,1.0,0.0068,0.0068
2026-08-24T14:14:47,356,5.933,0,0,0,0,0,0.0,0.0,0.0
2026-08-24T14:14:47,357,5.95,1,1,0,0,0,1.0,0.0028,0.0028
2026-08-24T14:14:47,358,5.967,1,1,0,0,0,1.0,0.0074,0.0074
2026-08-24T14:14:47,359,5.983,0,0,0,0,0,0.0,0.0,0.0
2026-08-24T14:14:47,360,6.0,1,1,0,0,0,1.0,0.0081,0.0081
2026-08-24T14:14:48,361,6.017,0,0,0,0,0,0.0,0.0,0.0
2026-08-24T14:14:48,362,6.033,1,1,0,0,0,1.0,0.0071,0.0071
2026-08-24T14:14:48,363,6.05,0,0,0,0,0,0.0,0.0,0.0
2026-08-24T14:14:48,364,6.067,0,0,0,0,0,0.0,0.0,0.0
2026-08-24T14:14:49,365,6.083,0,0,0,0,0,0.0,0.0,0.0
2026-08-24T14:14:49,366,6.1,0,0,0,0,0,0.0,0.0,0.0
2026-08-24T14:14:49,367,6.117,1,1,0,0,0,1.0,0.0069,0.0069
2026-08-24T14:14:49,368,6.133,0,0,0,0,0,0.0,0.0,0.0
2026-08-24T14:14:50,369,6.15,0,0,0,0,0,0.0,0.0,0.0
2026-08-24T14:14:50,370,6.167,0,0,0,0,0,0.0,0.0,0.0
2026-08-24T14:14:50,371,6.183,0,0,0,0,0,0.0,0.0,0.0
2026-08-24T14:14:50,372,6.2,0,0,0,0,0,0.0,0.0,0.0
2026-08-24T14:14:51,373,6.217,1,1,0,0,0,1.0,0.0029,0.0029
2026-08-24T14:14:51,374,6.233,0,0,0,0,0,0.0,0.0,0.0
2026-08-24T14:14:51,375,6.25,0,0,0,0,0,0.0,0.0,0.0
2026-08-24T14:14:51,376,6.267,1,1,0,0,0,1.0,0.0024,0.0024
2026-08-24T14:14:52,377,6.283,1,0,0,1,0,0.0,0.0,0.0
2026-08-24T14:14:52,378,6.3,1,0,0,1,0,0.0,0.0,0.0
2026-08-24T14:14:52,379,6.317,1,0,0,1,0,0.0,0.0,0.0
2026-08-24T14:14:53,380,6.333,3,0,0,3,0,0.0,0.0,0.0
2026-08-24T14:14:53,381,6.35,3,1,0,2,0,0.3333,0.021,0.021
2026-08-24T14:14:53,382,6.367,1,0,0,1,0,0.0,0.0,0.0
2026-08-24T14:14:53,383,6.383,2,0,0,2,0,0.0,0.0,0.0
2026-08-24T14:14:54,384,6.4,2,0,0,2,0,0.0,0.0,0.0
2026-08-24T14:14:54,385,6.417,2,1,0,1,0,0.5,0.0179,0.0179
2026-08-24T14:14:54,386,6.433,1,0,0,1,0,0.0,0.0,0.0
2026-08-24T14:14:55,387,6.45,1,0,0,1,0,0.0,0.0,0.0
2026-08-24T14:14:55,388,6.467,2,1,0,1,0,0.5,0.0438,0.0438
2026-08-24T14:14:55,389,6.483,0,0,0,0,0,0.0,0.0,0.0
2026-08-24T14:14:55,390,6.5,1,0,0,1,0,0.0,0.0,0.0
2026-08-24T14:14:56,391,6.517,2,0,0,2,0,0.0,0.0,0.0
2026-08-24T14:14:56,392,6.533,1,0,0,1,0,0.0,0.0,0.0
2026-08-24T14:14:56,393,6.55,5,2,0,3,0,0.4,0.0235,0.0447
2026-08-24T14:14:56,394,6.567,5,1,0,4,0,0.2,0.0037,0.0037
2026-08-24T14:14:56,395,6.583,5,1,0,4,0,0.2,0.0249,0.0249
2026-08-24T14:14:57,396,6.6,1,0,0,1,0,0.0,0.0,0.0
2026-08-24T14:14:57,397,6.617,2,0,0,2,0,0.0,0.0,0.0
2026-08-24T14:14:57,398,6.633,2,1,0,1,0,0.5,0.0294,0.0294
2026-08-24T14:14:58,399,6.65,0,0,0,0,0,0.0,0.0,0.0
2026-08-24T14:14:58,400,6.667,2,1,0,1,0,0.5,0.0311,0.0311
2026-08-24T14:14:58,401,6.683,2,1,0,1,0,0.5,0.0312,0.0312
2026-08-24T14:14:58,402,6.7,1,0,0,1,0,0.0,0.0,0.0
2026-08-24T14:14:59,403,6.717,1,0,0,1,0,0.0,0.0,0.0
2026-08-24T14:14:59,404,6.733,2,1,0,1,0,0.5,0.0165,0.0165
2026-08-24T14:14:59,405,6.75,1,0,0,1,0,0.0,0.0,0.0
2026-08-24T14:15:00,406,6.767,0,0,0,0,0,0.0,0.0,0.0
2026-08-24T14:15:00,407,6.783,1,0,0,1,0,0.0,0.0,0.0
2026-08-24T14:15:00,408,6.8,0,0,0,0,0,0.0,0.0,0.0
2026-08-24T14:15:00,409,6.817,3,0,0,3,0,0.0,0.0,0.0
2026-08-24T14:15:01,410,6.833,0,0,0,0,0,0.0,0.0,0.0
2026-08-24T14:15:01,411,6.85,2,0,0,2,0,0.0,0.0,0.0
2026-08-24T14:15:01,412,6.867,0,0,0,0,0,0.0,0.0,0.0
2026-08-24T14:15:02,413,6.883,0,0,0,0,0,0.0,0.0,0.0
2026-08-24T14:15:02,414,6.9,0,0,0,0,0,0.0,0.0,0.0
2026-08-24T14:15:02,415,6.917,1,0,0,1,0,0.0,0.0,0.0
2026-08-24T14:15:02,416,6.933,1,0,0,1,0,0.0,0.0,0.0
2026-08-24T14:15:03,417,6.95,1,0,0,1,0,0.0,0.0,0.0
2026-08-24T14:15:03,418,6.967,0,0,0,0,0,0.0,0.0,0.0
2026-08-24T14:15:03,419,6.983,2,0,0,2,0,0.0,0.0,0.0
2026-08-24T14:15:04,420,7.0,1,0,0,1,0,0.0,0.0,0.0
2026-08-24T14:15:04,421,7.017,2,1,0,1,0,0.5,0.0066,0.0066
2026-08-24T14:15:04,422,7.033,2,0,0,2,0,0.0,0.0,0.0
2026-08-24T14:15:04,423,7.05,1,0,0,1,0,0.0,0.0,0.0
2026-08-24T14:15:05,424,7.067,3,0,0,3,0,0.0,0.0,0.0
2026-08-24T14:15:05,425,7.083,3,1,0,2,0,0.3333,0.0046,0.0046
2026-08-24T14:15:05,426,7.1,2,1,0,1,0,0.5,0.0037,0.0037
2026-08-24T14:15:06,427,7.117,2,1,0,1,0,0.5,0.0038,0.0038
2026-08-24T14:15:06,428,7.133,1,0,0,1,0,0.0,0.0,0.0
2026-08-24T14:15:06,429,7.15,3,1,0,2,0,0.3333,0.0039,0.0039
2026-08-24T14:15:07,430,7.167,3,1,0,2,0,0.3333,0.0037,0.0037
2026-08-24T14:15:07,431,7.183,0,0,0,0,0,0.0,0.0,0.0
2026-08-24T14:15:07,432,7.2,1,0,0,1,0,0.0,0.0,0.0
2026-08-24T14:15:07,433,7.217,2,1,0,1,0,0.5,0.0063,0.0063
2026-08-24T14:15:08,434,7.233,1,0,0,1,0,0.0,0.0,0.0
2026-08-24T14:15:08,435,7.25,1,1,0,0,0,1.0,0.0085,0.0085
2026-08-24T14:15:08,436,7.267,2,1,0,1,0,0.5,0.0071,0.0071
2026-08-24T14:15:08,437,7.283,1,1,0,0,0,1.0,0.0095,0.0095
2026-08-24T14:15:09,438,7.3,0,0,0,0,0,0.0,0.0,0.0
2026-08-24T14:15:09,439,7.317,1,1,0,0,0,1.0,0.0093,0.0093
2026-08-24T14:15:09,440,7.333,1,1,0,0,0,1.0,0.0093,0.0093
2026-08-24T14:15:09,441,7.35,1,1,0,0,0,1.0,0.0093,0.0093
2026-08-24T14:15:10,442,7.367,1,1,0,0,0,1.0,0.0058,0.0058
2026-08-24T14:15:10,443,7.383,1,1,0,0,0,1.0,0.0058,0.0058
2026-08-24T14:15:10,444,7.4,1,1,0,0,0,1.0,0.0073,0.0073
